Term,numDF,denDF,F-value,p-value
Group,1,11,621.8254942484921,4.9568127380439364e-11
Hour,6,17419,65.3927657029433,0
Day,2,17419,9.096376045880518,1.1260447144023633e-4
Group:Hour,6,17419,8.95403537863397,8.687943697793798e-10
Group:Day,2,17419,1.7132777725303097,0.1803043032231505
Hour:Day,12,17419,17.25603739012389,0
Group:Hour:Day,12,17419,1.9088743287486507,0.028604359418955005
